{
  "score_mode": "topk_mse_5",
  "threshold": 0.014307661727070804,
  "auroc": 0.9437386666666667,
  "accuracy": 0.784,
  "precision": 0.9872262773722628,
  "recall": 0.7213333333333334,
  "f1": 0.8335901386748844,
  "fpr": 0.028,
  "tn": 243,
  "fp": 7,
  "fn": 209,
  "tp": 541
}