{
  "patient_aggregation": "mean",
  "score_mode": "topk_mse_5",
  "threshold": 0.011669818157215066,
  "auroc": 0.9477438733019318,
  "accuracy": 0.8554744525547445,
  "precision": 0.9726651480637813,
  "recall": 0.830739299610895,
  "f1": 0.8961175236096537,
  "fpr": 0.07017543859649122,
  "tn": 159,
  "fp": 12,
  "fn": 87,
  "tp": 427
}