{
  "threshold": 0.0013368588406592599,
  "auroc": 0.9103786666666667,
  "accuracy": 0.774,
  "precision": 0.9763636363636363,
  "recall": 0.716,
  "f1": 0.8261538461538461,
  "fpr": 0.052,
  "tn": 237,
  "fp": 13,
  "fn": 213,
  "tp": 537,
  "run_id": "ae_mse_l128",
  "model_type": "ae",
  "loss_type": "mse",
  "score_type": "mse",
  "default_percentile": 95
}