{
  "95": 0.0013368588406592599,
  "97": 0.00153217202052474,
  "99": 0.0020188469626009472
}