{
  "95": 0.0012787136714905497,
  "97": 0.0014651659410446858,
  "99": 0.0019589190743863586
}