{
  "train_loss": [
    0.011629716074105614,
    0.003269252664516286,
    0.0022780386047862333,
    0.0018363512575851227,
    0.0016019054362984987,
    0.0014327961513024622,
    0.001332922467363061,
    0.0012524931966020046,
    0.0011603294518455656,
    0.0011058489461431133,
    0.0010519761630606963,
    0.0010116472130008412,
    0.0009749044523070379,
    0.0009461195874586038,
    0.0009213573341594121,
    0.0009018536831439159,
    0.0008723426985897052,
    0.0008569921525331342,
    0.0008371204379811035,
    0.0008221462650460628,
    0.0008083809732210614,
    0.0007947535853822438,
    0.0007842106671092214,
    0.0007751991851179812,
    0.0007552087365362683,
    0.0007486153607171275,
    0.0007429853746898877,
    0.000734293128645541,
    0.0007255667172404136,
    0.0007192726655202504,
    0.0007147403005156591,
    0.0007016771031718829,
    0.0006986033207113359,
    0.0006967245187252064,
    0.0006882778796008566,
    0.0006820915725756261,
    0.0006770532238405245,
    0.0006691473227749239,
    0.0006699900876352227,
    0.0006612513874484523,
    0.0006585651969709382,
    0.0006535892448211109,
    0.0006493965134547981,
    0.0006441179027040453,
    0.0006411179574126412,
    0.0006363390502039548,
    0.000637509436002334,
    0.0006298884445042869,
    0.0006318058226594728,
    0.0006235192708704718,
    0.0006216730685855671,
    0.0006200557920044323,
    0.0006207420860772194,
    0.0006142599813079243,
    0.0006126038663180315,
    0.0006097875114560176,
    0.0006071565434191754,
    0.0006047758833726178,
    0.0006055198898758539,
    0.0006000381440042499
  ],
  "val_loss": [
    0.004162509301878351,
    0.003089411325877805,
    0.0020596138919688027,
    0.0017424682631074703,
    0.0015993552735383562,
    0.0014609038297587233,
    0.0013659249737800704,
    0.0013639307179436873,
    0.001243863661976741,
    0.0011476911331484501,
    0.0010643346137668697,
    0.0011129296764539336,
    0.0010459995678150289,
    0.0010023731157424852,
    0.0009945232829925486,
    0.001103262330496983,
    0.0009553968167653848,
    0.000924328363509469,
    0.0008962490503247425,
    0.0009160054272500803,
    0.0008649108278435573,
    0.000861273017735388,
    0.000838149270618991,
    0.0008338326009323182,
    0.000848827771702893,
    0.0008620926162297224,
    0.0008528872223780881,
    0.0008190031580423726,
    0.0008280724188764032,
    0.0008077175439418041,
    0.0007704744778732084,
    0.0007650474049720457,
    0.0007751498197660976,
    0.0007759846948987271,
    0.000768061584717096,
    0.0007745860624227592,
    0.0007473610675663685,
    0.000771919406450195,
    0.0007641896169757743,
    0.0007351799122374996,
    0.000775373917194731,
    0.0007564436926615895,
    0.0007384180360835501,
    0.0007447225119241868,
    0.0007247662099694712,
    0.0007272554781484447,
    0.0007199535124245094,
    0.0007174761142309228,
    0.0007143402646286793,
    0.0007233901162312436,
    0.0007263352308920372,
    0.0007157874396584517,
    0.0007052833109153815,
    0.0007534217934640085,
    0.0007100070951388126,
    0.0007289461567283248,
    0.0007084074319559161,
    0.0007050384923913996,
    0.000713622171646185,
    0.0007147993331460162
  ],
  "train_components": [
    {
      "reconstruction_loss": 0.011629716074105614
    },
    {
      "reconstruction_loss": 0.003269252664516286
    },
    {
      "reconstruction_loss": 0.0022780386047862333
    },
    {
      "reconstruction_loss": 0.0018363512575851227
    },
    {
      "reconstruction_loss": 0.0016019054362984987
    },
    {
      "reconstruction_loss": 0.0014327961513024622
    },
    {
      "reconstruction_loss": 0.001332922467363061
    },
    {
      "reconstruction_loss": 0.0012524931966020046
    },
    {
      "reconstruction_loss": 0.0011603294518455656
    },
    {
      "reconstruction_loss": 0.0011058489461431133
    },
    {
      "reconstruction_loss": 0.0010519761630606963
    },
    {
      "reconstruction_loss": 0.0010116472130008412
    },
    {
      "reconstruction_loss": 0.0009749044523070379
    },
    {
      "reconstruction_loss": 0.0009461195874586038
    },
    {
      "reconstruction_loss": 0.0009213573341594121
    },
    {
      "reconstruction_loss": 0.0009018536831439159
    },
    {
      "reconstruction_loss": 0.0008723426985897052
    },
    {
      "reconstruction_loss": 0.0008569921525331342
    },
    {
      "reconstruction_loss": 0.0008371204379811035
    },
    {
      "reconstruction_loss": 0.0008221462650460628
    },
    {
      "reconstruction_loss": 0.0008083809732210614
    },
    {
      "reconstruction_loss": 0.0007947535853822438
    },
    {
      "reconstruction_loss": 0.0007842106671092214
    },
    {
      "reconstruction_loss": 0.0007751991851179812
    },
    {
      "reconstruction_loss": 0.0007552087365362683
    },
    {
      "reconstruction_loss": 0.0007486153607171275
    },
    {
      "reconstruction_loss": 0.0007429853746898877
    },
    {
      "reconstruction_loss": 0.000734293128645541
    },
    {
      "reconstruction_loss": 0.0007255667172404136
    },
    {
      "reconstruction_loss": 0.0007192726655202504
    },
    {
      "reconstruction_loss": 0.0007147403005156591
    },
    {
      "reconstruction_loss": 0.0007016771031718829
    },
    {
      "reconstruction_loss": 0.0006986033207113359
    },
    {
      "reconstruction_loss": 0.0006967245187252064
    },
    {
      "reconstruction_loss": 0.0006882778796008566
    },
    {
      "reconstruction_loss": 0.0006820915725756261
    },
    {
      "reconstruction_loss": 0.0006770532238405245
    },
    {
      "reconstruction_loss": 0.0006691473227749239
    },
    {
      "reconstruction_loss": 0.0006699900876352227
    },
    {
      "reconstruction_loss": 0.0006612513874484523
    },
    {
      "reconstruction_loss": 0.0006585651969709382
    },
    {
      "reconstruction_loss": 0.0006535892448211109
    },
    {
      "reconstruction_loss": 0.0006493965134547981
    },
    {
      "reconstruction_loss": 0.0006441179027040453
    },
    {
      "reconstruction_loss": 0.0006411179574126412
    },
    {
      "reconstruction_loss": 0.0006363390502039548
    },
    {
      "reconstruction_loss": 0.000637509436002334
    },
    {
      "reconstruction_loss": 0.0006298884445042869
    },
    {
      "reconstruction_loss": 0.0006318058226594728
    },
    {
      "reconstruction_loss": 0.0006235192708704718
    },
    {
      "reconstruction_loss": 0.0006216730685855671
    },
    {
      "reconstruction_loss": 0.0006200557920044323
    },
    {
      "reconstruction_loss": 0.0006207420860772194
    },
    {
      "reconstruction_loss": 0.0006142599813079243
    },
    {
      "reconstruction_loss": 0.0006126038663180315
    },
    {
      "reconstruction_loss": 0.0006097875114560176
    },
    {
      "reconstruction_loss": 0.0006071565434191754
    },
    {
      "reconstruction_loss": 0.0006047758833726178
    },
    {
      "reconstruction_loss": 0.0006055198898758539
    },
    {
      "reconstruction_loss": 0.0006000381440042499
    }
  ],