{
  "patient_aggregation": "mean",
  "score_mode": "topk_mse_5",
  "threshold": 0.014182562997395287,
  "auroc": 0.9421462215850912,
  "accuracy": 0.8496350364963504,
  "precision": 0.9702517162471396,
  "recall": 0.8249027237354085,
  "f1": 0.8916929547844374,
  "fpr": 0.07602339181286549,
  "tn": 158,
  "fp": 13,
  "fn": 90,
  "tp": 424
}