{
  "score_mode": "topk_mse_5",
  "threshold": 0.018075861781835553,
  "auroc": 0.938928,
  "accuracy": 0.781,
  "precision": 0.9853747714808044,
  "recall": 0.7186666666666667,
  "f1": 0.8311488049344642,
  "fpr": 0.032,
  "tn": 242,
  "fp": 8,
  "fn": 211,
  "tp": 539
}