{
  "patient_aggregation": "mean",
  "score_mode": "topk_mse_5",
  "threshold": 0.019500477544286014,
  "auroc": 0.926456868500694,
  "accuracy": 0.8248175182481752,
  "precision": 0.964622641509434,
  "recall": 0.7957198443579766,
  "f1": 0.8720682302771855,
  "fpr": 0.08771929824561403,
  "tn": 156,
  "fp": 15,
  "fn": 105,
  "tp": 409
}