{
  "score_mode": "topk_mse_5",
  "threshold": 0.02385356239974498,
  "auroc": 0.9204106666666666,
  "accuracy": 0.728,
  "precision": 0.9799196787148594,
  "recall": 0.6506666666666666,
  "f1": 0.782051282051282,
  "fpr": 0.04,
  "tn": 240,
  "fp": 10,
  "fn": 262,
  "tp": 488
}