{
  "run_id": "ae_mse_l256_bs16",
  "model_type": "ae",
  "loss_type": "mse",
  "latent_dim": 256,
  "image_size": 128,
  "batch_size": 16,
  "default_percentile": 95,
  "threshold": 0.001309340703301131,
  "best_epoch": 36,
  "best_val_loss": 0.0007196916887655014,
  "training_time_sec": 2259.56,
  "auroc": 0.9102080000000001,
  "f1": 0.827321565617805,
  "recall": 0.7186666666666667,
  "precision": 0.9746835443037974,
  "accuracy": 0.775,
  "fpr": 0.056,
  "tn": 236,
  "fp": 14,
  "fn": 211,
  "tp": 539
}