run_id,percentile,threshold,accuracy,precision,recall,f1,fpr,auroc
ae_mse_l256,95,0.0012765226885676,0.776,0.9781818181818182,0.7173333333333334,0.8276923076923077,0.048,0.9092693333333332
ae_mse_l256,97,0.0014742371626198,0.715,0.9813664596273292,0.632,0.7688564476885644,0.036,0.9092693333333332
ae_mse_l256,99,0.0019608331471681,0.585,0.9912023460410556,0.4506666666666666,0.6196150320806599,0.012,0.9092693333333332
ae_mse_l256_bs16,95,0.0013093407033011,0.775,0.9746835443037974,0.7186666666666667,0.827321565617805,0.056,0.910208
ae_mse_l256_bs16,97,0.0015277483779937,0.713,0.9832985386221296,0.628,0.7664768104149715,0.032,0.910208
ae_mse_l256_bs16,99,0.0020156962797045,0.601,0.9971671388101984,0.4693333333333333,0.6382592928377153,0.004,0.910208
ae_mse_l256_bs64,95,0.0013046912383288,0.762,0.974074074074074,0.7013333333333334,0.8155038759689922,0.056,0.9058453333333332
ae_mse_l256_bs64,97,0.0014918871037662,0.715,0.9813664596273292,0.632,0.7688564476885644,0.036,0.9058453333333332
ae_mse_l256_bs64,99,0.0019848290085792,0.576,0.9880239520958084,0.44,0.6088560885608856,0.016,0.9058453333333332
