{
  "95": 0.0023821683600544928,
  "97": 0.0027863020263612258,
  "99": 0.003685862729325895
}