{
  "run_id": "ae_mse_l128_i256_e40_plateau_bn_bs32",
  "model_type": "ae",
  "use_batch_norm": true,
  "loss_type": "mse",
  "latent_dim": 128,
  "image_size": 256,
  "crop_mode": "none",
  "batch_size": 32,
  "default_percentile": 95,
  "threshold": 0.0023821683600544928,
  "best_epoch": 37,
  "best_val_loss": 0.001245633867910976,
  "training_time_sec": 7942.11,
  "auroc": 0.861872,
  "f1": 0.7538337368845843,
  "recall": 0.6226666666666667,
  "precision": 0.9550102249488752,
  "accuracy": 0.695,
  "fpr": 0.088,
  "tn": 228,
  "fp": 22,
  "fn": 283,
  "tp": 467
}