{
  "threshold": 0.001309340703301131,
  "auroc": 0.9102080000000001,
  "accuracy": 0.775,
  "precision": 0.9746835443037974,
  "recall": 0.7186666666666667,
  "f1": 0.827321565617805,
  "fpr": 0.056,
  "tn": 236,
  "fp": 14,
  "fn": 211,
  "tp": 539,
  "run_id": "ae_mse_l256_bs16",
  "model_type": "ae",
  "loss_type": "mse",
  "score_type": "mse",
  "default_percentile": 95
}