{
  "95": 0.001309340703301131,
  "97": 0.0015277483779937027,
  "99": 0.0020156962797045716
}