{
  "95": 0.04795764982700347,
  "97": 0.05368961155414581,
  "99": 0.06332091093063356
}