{
  "95": 0.02475187741219997,
  "97": 0.026721021085977542,
  "99": 0.03023490749299527
}