{
  "threshold": 0.0015066493302583694,
  "auroc": 0.8862079999999999,
  "accuracy": 0.751,
  "precision": 0.9630314232902033,
  "recall": 0.6946666666666667,
  "f1": 0.8071262587141751,
  "fpr": 0.08,
  "tn": 230,
  "fp": 20,
  "fn": 229,
  "tp": 521,
  "run_id": "ae_mse_l256_bs32_retina_margin",
  "model_type": "ae",
  "loss_type": "mse",
  "score_type": "mse",
  "default_percentile": 95
}