{
  "95": 0.0015066493302583694,
  "97": 0.0016853765211999408,
  "99": 0.0021694684028625497
}