{
  "threshold": 0.0015475373249500986,
  "auroc": 0.9124320000000001,
  "accuracy": 0.77,
  "precision": 0.9727272727272728,
  "recall": 0.7133333333333334,
  "f1": 0.823076923076923,
  "fpr": 0.06,
  "tn": 235,
  "fp": 15,
  "fn": 215,
  "tp": 535,
  "run_id": "ae_mse_l64",
  "model_type": "ae",
  "loss_type": "mse",
  "score_type": "mse",
  "default_percentile": 95
}