{
  "95": 0.0015475373249500986,
  "97": 0.0018175270035862914,
  "99": 0.0024378381576389075
}