class_name,sample_count,patient_count,mean_reconstruction_error,std_reconstruction_error
CNV,10,5,0.058327608928084376,7.914241048319412e-05
DME,10,5,0.060174720361828804,0.0001292465065995239
DRUSEN,10,5,0.052911700680851936,7.995335632128137e-05
NORMAL,10,5,0.04597497247159481,0.00010842534501217099
