{
  "threshold": 0.00135199069045484,
  "auroc": 0.9108213333333333,
  "accuracy": 0.767,
  "precision": 0.9743119266055046,
  "recall": 0.708,
  "f1": 0.8200772200772201,
  "fpr": 0.056,
  "tn": 236,
  "fp": 14,
  "fn": 219,
  "tp": 531
}