{
  "95": 0.046132358722388744,
  "97": 0.04614587146788836,
  "99": 0.046159384213387965
}