percentile,threshold,accuracy,precision,recall,f1,fpr,auroc
95,0.046132358722388744,0.975,0.967741935483871,1.0,0.9836065573770492,0.1,1.0
97,0.04614587146788836,1.0,1.0,1.0,1.0,0.0,1.0
99,0.046159384213387965,1.0,1.0,1.0,1.0,0.0,1.0
