{
  "95": 0.00135199069045484,
  "97": 0.0015631902962923007,
  "99": 0.002085950281471015
}