{
  "95": 0.001276522688567637,
  "97": 0.0014742371626198256,
  "99": 0.0019608331471681604
}