{
  "score_mode": "topk_mse_5",
  "threshold": 0.014186699502170084,
  "auroc": 0.9457119999999999,
  "accuracy": 0.799,
  "precision": 0.9910554561717353,
  "recall": 0.7386666666666667,
  "f1": 0.8464476699770818,
  "fpr": 0.02,
  "tn": 245,
  "fp": 5,
  "fn": 196,
  "tp": 554
}