{
  "patient_aggregation": "mean",
  "score_mode": "topk_mse_5",
  "threshold": 0.011641327277757222,
  "auroc": 0.9456320600988759,
  "accuracy": 0.8488188976377953,
  "precision": 0.96875,
  "recall": 0.8292181069958847,
  "f1": 0.893569844789357,
  "fpr": 0.087248322147651,
  "tn": 136,
  "fp": 13,
  "fn": 83,
  "tp": 403
}