{
  "patient_aggregation": "mean",
  "score_mode": "topk_mse_5",
  "threshold": 0.011641367250122077,
  "auroc": 0.9484834004596446,
  "accuracy": 0.8569343065693431,
  "precision": 0.9705882352941176,
  "recall": 0.8346303501945526,
  "f1": 0.897489539748954,
  "fpr": 0.07602339181286549,
  "tn": 158,
  "fp": 13,
  "fn": 85,
  "tp": 429
}