{
  "run_id": "ae_mse_l128_e60_plateau",
  "model_type": "ae",
  "loss_type": "mse",
  "latent_dim": 128,
  "image_size": 128,
  "crop_mode": "none",
  "batch_size": 32,
  "default_percentile": 95,
  "threshold": 0.001212882623076435,
  "best_epoch": 60,
  "best_val_loss": 0.0006692860416824566,
  "training_time_sec": 2812.62,
  "auroc": 0.9117919999999999,
  "f1": 0.8316831683168316,
  "recall": 0.728,
  "precision": 0.9698046181172292,
  "accuracy": 0.779,
  "fpr": 0.068,
  "tn": 233,
  "fp": 17,
  "fn": 204,
  "tp": 546
}