{
  "run_id": "ae_mse_l256_bs32_retina_margin",
  "model_type": "ae",
  "loss_type": "mse",
  "latent_dim": 256,
  "image_size": 128,
  "crop_mode": "retina_margin",
  "batch_size": 32,
  "default_percentile": 95,
  "threshold": 0.0015066493302583694,
  "best_epoch": 39,
  "best_val_loss": 0.0007941774410704861,
  "training_time_sec": 3719.87,
  "auroc": 0.8862079999999999,
  "f1": 0.8071262587141751,
  "recall": 0.6946666666666667,
  "precision": 0.9630314232902033,
  "accuracy": 0.751,
  "fpr": 0.08,
  "tn": 230,
  "fp": 20,
  "fn": 229,
  "tp": 521
}