run_id,percentile,threshold,accuracy,precision,recall,f1,fpr,auroc
ae_mse_l256_bs32_retina_margin,95,0.0015066493302583,0.751,0.9630314232902032,0.6946666666666667,0.8071262587141751,0.08,0.8862079999999999
ae_mse_l256_bs32_retina_margin,97,0.0016853765211999,0.693,0.970276008492569,0.6093333333333333,0.7485667485667485,0.056,0.8862079999999999
ae_mse_l256_bs32_retina_margin,99,0.0021694684028625,0.575,0.987987987987988,0.4386666666666666,0.6075715604801477,0.016,0.8862079999999999
