{
  "95": 0.004214350972324609,
  "97": 0.00487694852054118,
  "99": 0.006450168471783402
}