{
  "run_id": "ae_mse_l128_e60_plateau_bn",
  "model_type": "ae",
  "use_batch_norm": true,
  "loss_type": "mse",
  "score_type": "mse",
  "default_percentile": 95,
  "threshold": 0.0011832378804683,
  "auroc": 0.9126986666666668,
  "accuracy": 0.786,
  "precision": 0.9668989547038328,
  "recall": 0.74,
  "f1": 0.8383685800604229,
  "fpr": 0.076,
  "tn": 231,
  "fp": 19,
  "fn": 195,
  "tp": 555
}