{
  "95": 0.0011832378804683,
  "97": 0.0013320581521838,
  "99": 0.0017587545793503
}