{
  "train_loss": [
    0.007348,
    0.002642,
    0.001927,
    0.001639,
    0.001461,
    0.001334,
    0.001239,
    0.001164,
    0.001103,
    0.001046,
    0.001004,
    0.000966,
    0.000942,
    0.000909,
    0.000886,
    0.000866,
    0.000841,
    0.000822,
    0.00081,
    0.000787,
    0.00078,
    0.000762,
    0.000752,
    0.00074,
    0.000733,
    0.000727,
    0.000712,
    0.000707,
    0.000699,
    0.000691,
    0.000689,
    0.000677,
    0.000673,
    0.000669,
    0.000662,
    0.000661,
    0.000653,
    0.000648,
    0.000645,
    0.000642,
    0.000637,
    0.000631,
    0.000632,
    0.000629,
    0.000582,
    0.000579,
    0.000577,
    0.000575,
    0.000573,
    0.000572,
    0.000569,
    0.00057,
    0.000568,
    0.000564,
    0.000565,
    0.000563,
    0.000561,
    0.000561,
    0.00056,
    0.000558
  ],
  "val_loss": [
    0.003288,
    0.002319,
    0.001713,
    0.00157,
    0.001327,
    0.001301,
    0.001192,
    0.001138,
    0.001068,
    0.001012,
    0.001016,
    0.001009,
    0.000998,
    0.000967,
    0.000929,
    0.000927,
    0.000915,
    0.000863,
    0.000841,
    0.000818,
    0.000812,
    0.000817,
    0.000792,
    0.00078,
    0.000774,
    0.000752,
    0.000781,
    0.000757,
    0.000738,
    0.00074,
    0.00073,
    0.000746,
    0.000746,
    0.000727,
    0.000731,
    0.000733,
    0.000724,
    0.000723,
    0.00072,
    0.000699,
    0.000709,
    0.000701,
    0.000705,
    0.00071,
    0.000658,
    0.000665,
    0.000657,
    0.000657,
    0.000653,
    0.000658,
    0.000651,
    0.000653,
    0.000651,
    0.000647,
    0.000649,
    0.000644,
    0.00065,
    0.000645,
    0.000644,
    0.000644
  ],
  "train_components": [],
  "val_components": [],
  "learning_rates": [
    0.001,
    0.001,
    0.001,
    0.001,
    0.001,
    0.001,
    0.001,
    0.001,
    0.001,
    0.001,
    0.001,
    0.001,
    0.001,
    0.001,
    0.001,
    0.001,
    0.001,
    0.001,
    0.001,
    0.001,
    0.001,
    0.001,
    0.001,
    0.001,
    0.001,
    0.001,
    0.001,
    0.001,
    0.001,
    0.001,
    0.001,
    0.001,
    0.001,
    0.001,
    0.001,
    0.001,
    0.001,
    0.001,
    0.001,
    0.001,
    0.001,
    0.001,
    0.001,
    0.0005,
    0.0005,
    0.0005,
    0.0005,
    0.0005,
    0.0005,
    0.0005,
    0.0005,
    0.0005,
    0.0005,
    0.0005,
    0.0005,
    0.0005,
    0.0005,
    0.0005,
    0.0005,
    0.0005
  ],
  "best_epoch": 59,
  "best_val_loss": 0.000644,
  "training_time_sec": 3630,
  "recovered_from_run_log": true
}