{
  "run_id": "ae_mse_l256_bs16_crop",
  "model_type": "ae",
  "loss_type": "mse",
  "latent_dim": 256,
  "image_size": 128,
  "crop_mode": "content",
  "batch_size": 16,
  "default_percentile": 95,
  "threshold": 0.0016889905091375104,
  "best_epoch": 38,
  "best_val_loss": 0.0008941597693624328,
  "training_time_sec": 3383.19,
  "auroc": 0.8767146666666666,
  "f1": 0.789308176100629,
  "recall": 0.6693333333333333,
  "precision": 0.9616858237547893,
  "accuracy": 0.732,
  "fpr": 0.08,
  "tn": 230,
  "fp": 20,
  "fn": 248,
  "tp": 502
}