run_id,percentile,threshold,accuracy,precision,recall,f1,fpr,auroc
ae_mse_l256_bs16_crop,95,0.0016889905091375,0.732,0.9616858237547892,0.6693333333333333,0.789308176100629,0.08,0.8767146666666666
ae_mse_l256_bs16_crop,97,0.0019012500531971,0.673,0.9752808988764043,0.5786666666666667,0.7263598326359832,0.044,0.8767146666666666
ae_mse_l256_bs16_crop,99,0.0024183353409171,0.542,0.9866666666666668,0.3946666666666666,0.5638095238095238,0.016,0.8767146666666666
