{
  "patient_aggregation": "mean",
  "score_mode": "topk_mse_10",
  "threshold": 0.02561202988442442,
  "auroc": 0.8895373973194984,
  "accuracy": 0.7708029197080292,
  "precision": 0.9451371571072319,
  "recall": 0.7373540856031129,
  "f1": 0.8284153005464481,
  "fpr": 0.1286549707602339,
  "tn": 149,
  "fp": 22,
  "fn": 135,
  "tp": 379
}