{
  "score_mode": "topk_mse_10",
  "threshold": 0.033416172862052916,
  "auroc": 0.8839946666666666,
  "accuracy": 0.691,
  "precision": 0.9762419006479481,
  "recall": 0.6026666666666667,
  "f1": 0.7452596867271228,
  "fpr": 0.044,
  "tn": 239,
  "fp": 11,
  "fn": 298,
  "tp": 452
}