{
  "95": 0.0013046912383288137,
  "97": 0.0014918871037662021,
  "99": 0.0019848290085792576
}