{
  "threshold": 0.001212882623076435,
  "auroc": 0.9117919999999999,
  "accuracy": 0.779,
  "precision": 0.9698046181172292,
  "recall": 0.728,
  "f1": 0.8316831683168316,
  "fpr": 0.068,
  "tn": 233,
  "fp": 17,
  "fn": 204,
  "tp": 546,
  "run_id": "ae_mse_l128_e60_plateau",
  "model_type": "ae",
  "loss_type": "mse",
  "score_type": "mse",
  "default_percentile": 95
}