{
  "95": 0.001212882623076435,
  "97": 0.0013755768956616506,
  "99": 0.0018387707788497232
}