{
  "train_loss": [
    0.011629716074105614,
    0.003269252664516286,
    0.0022780386047862333,
    0.0018363512575851227,
    0.0016019054362984987,
    0.0014327961513024622,
    0.001332922467363061,
    0.0012524931966020046,
    0.0011603294518455656,
    0.0011058489461431133,
    0.0010519761630606963,
    0.0010116472130008412,
    0.0009749044523070379,
    0.0009461195874586038,
    0.0009213573341594121,
    0.0009018536831439159,
    0.0008723426985897052,
    0.0008569921525331342,
    0.0008371204379811035,
    0.0008221462650460628,
    0.0008083809732210614,
    0.0007947535853822438,
    0.0007842106671092214,
    0.0007751991851179812,
    0.0007552087365362683,
    0.0007486153607171275,
    0.0007429853746898877,
    0.000734293128645541,
    0.0007255667172404136,
    0.0007192726655202504,
    0.0007147403005156591,
    0.0007016771031718829,
    0.0006986033207113359,
    0.0006967245187252064,
    0.0006882778796008566,
    0.0006820915725756261,
    0.0006141070821762257,
    0.0006092864648988771,
    0.0006082064640950391,
    0.0006056218742654638,
    0.0006021359205473227,
    0.0005989278325049089,
    0.0005966361247552745,
    0.0005940087731175873,
    0.000591304288779278,
    0.0005899343662715128,
    0.0005869672845879916,
    0.0005855817016846947,
    0.0005836278700879813,
    0.0005813858657520634,
    0.0005790584745475375,
    0.0005793348193642364,
    0.0005767458093965758,
    0.0005742430349527814,
    0.0005736523501261159,
    0.0005727972964427146,
    0.0005694847496168215,
    0.000568055854731148,
    0.0005682827592573477,
    0.0005654608137278502
  ],
  "val_loss": [
    0.004162509301878351,
    0.003089411325877805,
    0.0020596138919688027,
    0.0017424682631074703,
    0.0015993552735383562,
    0.0014609038297587233,
    0.0013659249737800704,
    0.0013639307179436873,
    0.001243863661976741,
    0.0011476911331484501,
    0.0010643346137668697,
    0.0011129296764539336,
    0.0010459995678150289,
    0.0010023731157424852,
    0.0009945232829925486,
    0.001103262330496983,
    0.0009553968167653848,
    0.000924328363509469,
    0.0008962490503247425,
    0.0009160054272500803,
    0.0008649108278435573,
    0.000861273017735388,
    0.000838149270618991,
    0.0008338326009323182,
    0.000848827771702893,
    0.0008620926162297224,
    0.0008528872223780881,
    0.0008190031580423726,
    0.0008280724188764032,
    0.0008077175439418041,
    0.0007704744778732084,
    0.0007650474049720457,
    0.0007751498197660976,
    0.0007759846948987271,
    0.000768061584717096,
    0.0007745860624227592,
    0.0007019846794827522,
    0.0007020919221259064,
    0.0007012729172547944,
    0.0006989292382224679,
    0.0006924527084646965,
    0.0007050217992885204,
    0.000688542570763578,
    0.0006923557070812001,
    0.0006956010535404051,
    0.000691453062418884,
    0.000681759726347701,
    0.0006857977250291647,
    0.0006777470642410451,
    0.0006765485933995237,
    0.0006792593043246162,
    0.0006730163531831289,
    0.0006732862999515353,
    0.0006748922462396467,
    0.0006775780264411023,
    0.0006704220560946607,
    0.0006707898376462646,
    0.0006742068561803487,
    0.0006760692079964695,
    0.0006692860416824566
  ],
  "train_components": [
    {
      "reconstruction_loss": 0.011629716074105614
    },
    {
      "reconstruction_loss": 0.003269252664516286
    },
    {
      "reconstruction_loss": 0.0022780386047862333
    },
    {
      "reconstruction_loss": 0.0018363512575851227
    },
    {
      "reconstruction_loss": 0.0016019054362984987
    },
    {
      "reconstruction_loss": 0.0014327961513024622
    },
    {
      "reconstruction_loss": 0.001332922467363061
    },
    {
      "reconstruction_loss": 0.0012524931966020046
    },
    {
      "reconstruction_loss": 0.0011603294518455656
    },
    {
      "reconstruction_loss": 0.0011058489461431133
    },
    {
      "reconstruction_loss": 0.0010519761630606963
    },
    {
      "reconstruction_loss": 0.0010116472130008412
    },
    {
      "reconstruction_loss": 0.0009749044523070379
    },
    {
      "reconstruction_loss": 0.0009461195874586038
    },
    {
      "reconstruction_loss": 0.0009213573341594121
    },
    {
      "reconstruction_loss": 0.0009018536831439159
    },
    {
      "reconstruction_loss": 0.0008723426985897052
    },
    {
      "reconstruction_loss": 0.0008569921525331342
    },
    {
      "reconstruction_loss": 0.0008371204379811035
    },
    {
      "reconstruction_loss": 0.0008221462650460628
    },
    {
      "reconstruction_loss": 0.0008083809732210614
    },
    {
      "reconstruction_loss": 0.0007947535853822438
    },
    {
      "reconstruction_loss": 0.0007842106671092214
    },
    {
      "reconstruction_loss": 0.0007751991851179812
    },
    {
      "reconstruction_loss": 0.0007552087365362683
    },
    {
      "reconstruction_loss": 0.0007486153607171275
    },
    {
      "reconstruction_loss": 0.0007429853746898877
    },
    {
      "reconstruction_loss": 0.000734293128645541
    },
    {
      "reconstruction_loss": 0.0007255667172404136
    },
    {
      "reconstruction_loss": 0.0007192726655202504
    },
    {
      "reconstruction_loss": 0.0007147403005156591
    },
    {
      "reconstruction_loss": 0.0007016771031718829
    },
    {
      "reconstruction_loss": 0.0006986033207113359
    },
    {
      "reconstruction_loss": 0.0006967245187252064
    },
    {
      "reconstruction_loss": 0.0006882778796008566
    },
    {
      "reconstruction_loss": 0.0006820915725756261
    },
    {
      "reconstruction_loss": 0.0006141070821762257
    },
    {
      "reconstruction_loss": 0.0006092864648988771
    },
    {
      "reconstruction_loss": 0.0006082064640950391
    },
    {
      "reconstruction_loss": 0.0006056218742654638
    },
    {
      "reconstruction_loss": 0.0006021359205473227
    },
    {
      "reconstruction_loss": 0.0005989278325049089
    },
    {
      "reconstruction_loss": 0.0005966361247552745
    },
    {
      "reconstruction_loss": 0.0005940087731175873
    },
    {
      "reconstruction_loss": 0.000591304288779278
    },
    {
      "reconstruction_loss": 0.0005899343662715128
    },
    {
      "reconstruction_loss": 0.0005869672845879916
    },
    {
      "reconstruction_loss": 0.0005855817016846947
    },
    {
      "reconstruction_loss": 0.0005836278700879813
    },
    {
      "reconstruction_loss": 0.0005813858657520634
    },
    {
      "reconstruction_loss": 0.0005790584745475375
    },
    {
      "reconstruction_loss": 0.0005793348193642364
    },
    {
      "reconstruction_loss": 0.0005767458093965758
    },
    {
      "reconstruction_loss": 0.0005742430349527814
    },
    {
      "reconstruction_loss": 0.0005736523501261159
    },
    {
      "reconstruction_loss": 0.0005727972964427146
    },
    {
      "reconstruction_loss": 0.0005694847496168215
    },
    {
      "reconstruction_loss": 0.000568055854731148
    },
    {
      "reconstruction_loss": 0.0005682827592573477
    },
    {
      "reconstruction_loss": 0.0005654608137278502
    }
  ],