{
  "patient_aggregation": "mean",
  "score_mode": "topk_mse_5",
  "threshold": 0.010315322615647816,
  "auroc": 0.9512708489771771,
  "accuracy": 0.8715328467153285,
  "precision": 0.9712389380530974,
  "recall": 0.8540856031128404,
  "f1": 0.9089026915113871,
  "fpr": 0.07602339181286549,
  "tn": 158,
  "fp": 13,
  "fn": 75,
  "tp": 439
}