{
  "patient_aggregation": "mean",
  "score_mode": "topk_mse_5",
  "threshold": 0.012169244621569852,
  "auroc": 0.9476187225521652,
  "accuracy": 0.8569343065693431,
  "precision": 0.9727272727272728,
  "recall": 0.8326848249027238,
  "f1": 0.8972746331236897,
  "fpr": 0.07017543859649122,
  "tn": 159,
  "fp": 12,
  "fn": 86,
  "tp": 428
}