{
  "score_mode": "topk_mse_5",
  "threshold": 0.01496292445808649,
  "auroc": 0.9436746666666667,
  "accuracy": 0.788,
  "precision": 0.9873188405797102,
  "recall": 0.7266666666666667,
  "f1": 0.837173579109063,
  "fpr": 0.028,
  "tn": 243,
  "fp": 7,
  "fn": 205,
  "tp": 545
}