{
  "patient_aggregation": "mean",
  "score_mode": "topk_mse_5",
  "threshold": 0.012169244621569906,
  "auroc": 0.9459082497859529,
  "accuracy": 0.8472440944881889,
  "precision": 0.9709443099273608,
  "recall": 0.8251028806584362,
  "f1": 0.8921023359288098,
  "fpr": 0.08053691275167785,
  "tn": 137,
  "fp": 12,
  "fn": 85,
  "tp": 401
}