{
  "threshold": 0.0016889905091375104,
  "auroc": 0.8767146666666666,
  "accuracy": 0.732,
  "precision": 0.9616858237547893,
  "recall": 0.6693333333333333,
  "f1": 0.789308176100629,
  "fpr": 0.08,
  "tn": 230,
  "fp": 20,
  "fn": 248,
  "tp": 502,
  "run_id": "ae_mse_l256_bs16_crop",
  "model_type": "ae",
  "loss_type": "mse",
  "score_type": "mse",
  "default_percentile": 95
}