{
  "95": 0.0016889905091375104,
  "97": 0.0019012500531971433,
  "99": 0.0024183353409171107
}