{
  "patient_aggregation": "mean",
  "score_mode": "topk_mse_5",
  "threshold": 0.011687666910001965,
  "auroc": 0.9500762281839489,
  "accuracy": 0.8540145985401459,
  "precision": 0.9662162162162162,
  "recall": 0.8346303501945526,
  "f1": 0.8956158663883089,
  "fpr": 0.08771929824561403,
  "tn": 156,
  "fp": 15,
  "fn": 85,
  "tp": 429
}