{
  "score_mode": "topk_mse_5",
  "threshold": 0.014803556539118287,
  "auroc": 0.9453973333333333,
  "accuracy": 0.786,
  "precision": 0.9872727272727273,
  "recall": 0.724,
  "f1": 0.8353846153846154,
  "fpr": 0.028,
  "tn": 243,
  "fp": 7,
  "fn": 207,
  "tp": 543
}