{
  "run_id": "ae_mse_l128_e60_plateau_bn",
  "model_type": "ae",
  "use_batch_norm": true,
  "loss_type": "mse",
  "latent_dim": 128,
  "image_size": 128,
  "crop_mode": "none",
  "batch_size": 32,
  "default_percentile": 95,
  "threshold": 0.0011832378804683,
  "best_epoch": 59,
  "best_val_loss": 0.000644,
  "training_time_sec": 3630,
  "auroc": 0.9126986666666668,
  "f1": 0.8383685800604229,
  "recall": 0.74,
  "precision": 0.9668989547038328,
  "accuracy": 0.786,
  "fpr": 0.076,
  "tn": 231,
  "fp": 19,
  "fn": 195,
  "tp": 555
}