{
  "run_id": "ae_mse_l128_e60_plateau_bn",
  "patient_aggregation": "mean",
  "score_mode": "topk_mse_5",
  "threshold": 0.0103153226156478,
  "auroc": 0.9512708489771772,
  "accuracy": 0.8715328467153285,
  "precision": 0.9712389380530974,
  "recall": 0.8540856031128404,
  "f1": 0.9089026915113873,
  "fpr": 0.0760233918128654,
  "tn": 158,
  "fp": 13,
  "fn": 75,
  "tp": 439
}