{
  "run_id": "ae_mse_l128_e60_plateau",
  "score_mode": "topk_mse_5",
  "threshold": 0.0131627809256315,
  "auroc": 0.9473653333333334,
  "accuracy": 0.804,
  "precision": 0.9859649122807016,
  "recall": 0.7493333333333333,
  "f1": 0.8515151515151516,
  "fpr": 0.032,
  "tn": 242,
  "fp": 8,
  "fn": 188,
  "tp": 562
}