{
  "run_id": "ae_mse_l128_e60_plateau",
  "patient_aggregation": "mean",
  "score_mode": "topk_mse_5",
  "threshold": 0.0107324477419671,
  "auroc": 0.9515552824993742,
  "accuracy": 0.8686131386861314,
  "precision": 0.9711111111111111,
  "recall": 0.8501945525291829,
  "f1": 0.9066390041493776,
  "fpr": 0.0760233918128654,
  "tn": 158,
  "fp": 13,
  "fn": 77,
  "tp": 437
}