run_id,score_mode,threshold,auroc,accuracy,precision,recall,f1,fpr,tn,fp,fn,tp
ae_mse_l128_e60_plateau,topk_mse_5,0.0131627809256315,0.9473653333333334,0.804,0.9859649122807016,0.7493333333333333,0.8515151515151516,0.032,242,8,188,562
ae_mse_l128_e60,topk_mse_5,0.01418669950217,0.945712,0.799,0.9910554561717352,0.7386666666666667,0.8464476699770818,0.02,245,5,196,554
ae_mse_l256_bs16,topk_mse_5,0.0148035565391182,0.9453973333333332,0.786,0.9872727272727272,0.724,0.8353846153846154,0.028,243,7,207,543
ae_mse_l256,topk_mse_5,0.0143076617270708,0.9437386666666668,0.784,0.9872262773722628,0.7213333333333334,0.8335901386748844,0.028,243,7,209,541
ae_mse_l128,topk_mse_5,0.0149629244580864,0.9436746666666668,0.788,0.9873188405797102,0.7266666666666667,0.837173579109063,0.028,243,7,205,545
ae_mse_l64,topk_mse_5,0.0180758617818355,0.938928,0.781,0.9853747714808044,0.7186666666666667,0.8311488049344642,0.032,242,8,211,539
vae_msekl_l128,topk_mse_10,0.0334161728620529,0.8839946666666666,0.691,0.976241900647948,0.6026666666666667,0.7452596867271228,0.044,239,11,298,452
