run_id,patient_aggregation,score_mode,threshold,auroc,accuracy,precision,recall,f1,fpr,tn,fp,fn,tp
ae_mse_l128,mean,topk_mse_5,0.0121692446215699,0.9459082497859528,0.8472440944881889,0.9709443099273608,0.8251028806584362,0.8921023359288098,0.0805369127516778,137,12,85,401
ae_mse_l128_e60,mean,topk_mse_5,0.0116413272777572,0.945632060098876,0.8488188976377953,0.96875,0.8292181069958847,0.893569844789357,0.087248322147651,136,13,83,403
