{
  "run_id": "ae_mse_l128_e60_plateau_bn",
  "score_mode": "topk_mse_5",
  "threshold": 0.0126955481246113,
  "auroc": 0.948736,
  "accuracy": 0.813,
  "precision": 0.9861830742659758,
  "recall": 0.7613333333333333,
  "f1": 0.8592927012791572,
  "fpr": 0.032,
  "tn": 242,
  "fp": 8,
  "fn": 179,
  "tp": 571
}